-- 
-- données au format Geostandard CNIG
-- 


-- Données ponctuelles 
INSERT INTO geostandard."Noeud" ("idNoeud","altitude","bandeEveilVigilance","hauteurRessaut","abaissePente","abaisseTrottoir","controleBEV","bandeInterception","geom") VALUES ('63014:NOD:100630200000221:LOC',null,null,null,null,null,null,null,'POINT(3.10933724884 45.76085169444)');

INSERT INTO geostandard."Entree" ("idEntree","adresse","type","rampe","rampeSonnette","ascenseur","escalierNbMarche","escalierMainCourante","reperabilite","reperageEltsVitres","signaletique","largeurPassage","controleAcces","entreeAccueilVisible","eclairage","typePorte","typeOuverture","espaceManoeuvre","largManoeuvreExt","longManoeuvreExt","largManoeuvreInt","longManoeuvreInt","typePoignee","effortOuverture","idNoeud") VALUES ('63014:ENT:7:LOC','no 63170 Aubière no',null,'03',null,null,null,null,null,true,null,140,'02',null,null,'05',null,'04',9999,9999,9999,9999,null,null,'63014:NOD:100630200000221:LOC');
INSERT INTO geostandard."Noeud" ("idNoeud","altitude","bandeEveilVigilance","hauteurRessaut","abaissePente","abaisseTrottoir","controleBEV","bandeInterception","geom") VALUES ('63014:NOD:100630200000235:LOC',null,null,null,null,null,null,null,'POINT(3.10875402217 45.76171832438)');
INSERT INTO geostandard."Noeud" ("idNoeud","altitude","bandeEveilVigilance","hauteurRessaut","abaissePente","abaisseTrottoir","controleBEV","bandeInterception","geom") VALUES ('63014:NOD:100630200000209:LOC',null,null,null,null,null,null,null,'POINT(3.11018552116 45.75948779344)');

INSERT INTO geostandard."Entree" ("idEntree","adresse","type","rampe","rampeSonnette","ascenseur","escalierNbMarche","escalierMainCourante","reperabilite","reperageEltsVitres","signaletique","largeurPassage","controleAcces","entreeAccueilVisible","eclairage","typePorte","typeOuverture","espaceManoeuvre","largManoeuvreExt","longManoeuvreExt","largManoeuvreInt","longManoeuvreInt","typePoignee","effortOuverture","idNoeud") VALUES ('63014:ENT:4:LOC','no 63170 Aubière no',null,'03',null,null,null,null,null,true,null,140,'02',null,null,'05',null,'04',9999,9999,9999,9999,null,null,'63014:NOD:100630200000209:LOC');
INSERT INTO geostandard."Noeud" ("idNoeud","altitude","bandeEveilVigilance","hauteurRessaut","abaissePente","abaisseTrottoir","controleBEV","bandeInterception","geom") VALUES ('63014:NOD:100630200000225:LOC',null,'00',0.0,0,null,'01',null,'POINT(3.10921270865 45.76118948137)');
INSERT INTO geostandard."Noeud" ("idNoeud","altitude","bandeEveilVigilance","hauteurRessaut","abaissePente","abaisseTrottoir","controleBEV","bandeInterception","geom") VALUES ('63014:NOD:100630200000219:LOC',null,null,null,null,null,null,null,'POINT(3.10949024745 45.760593243)');
INSERT INTO geostandard."Noeud" ("idNoeud","altitude","bandeEveilVigilance","hauteurRessaut","abaissePente","abaisseTrottoir","controleBEV","bandeInterception","geom") VALUES ('63014:NOD:100630200000207:LOC',null,'00',0.0,-1,null,null,null,'POINT(3.11031601675 45.75931905692)');
INSERT INTO geostandard."Noeud" ("idNoeud","altitude","bandeEveilVigilance","hauteurRessaut","abaissePente","abaisseTrottoir","controleBEV","bandeInterception","geom") VALUES ('63014:NOD:100630200000211:LOC',null,null,null,null,null,null,null,'POINT(3.10990223168 45.75995231264)');
INSERT INTO geostandard."Noeud" ("idNoeud","altitude","bandeEveilVigilance","hauteurRessaut","abaissePente","abaisseTrottoir","controleBEV","bandeInterception","geom") VALUES ('63014:NOD:100630200000231:LOC',null,'00',0.0,-1,null,'01',null,'POINT(3.10890028307 45.76149196)');
INSERT INTO geostandard."Noeud" ("idNoeud","altitude","bandeEveilVigilance","hauteurRessaut","abaissePente","abaisseTrottoir","controleBEV","bandeInterception","geom") VALUES ('63014:NOD:100630200000210:LOC',null,null,null,null,null,null,null,'POINT(3.10999557424 45.75980709712)');

INSERT INTO geostandard."Entree" ("idEntree","adresse","type","rampe","rampeSonnette","ascenseur","escalierNbMarche","escalierMainCourante","reperabilite","reperageEltsVitres","signaletique","largeurPassage","controleAcces","entreeAccueilVisible","eclairage","typePorte","typeOuverture","espaceManoeuvre","largManoeuvreExt","longManoeuvreExt","largManoeuvreInt","longManoeuvreInt","typePoignee","effortOuverture","idNoeud") VALUES ('63014:ENT:5:LOC','no 63170 Aubière no',null,'03',null,null,null,null,null,true,null,140,'02',null,null,'05',null,'04',9999,9999,9999,9999,null,null,'63014:NOD:100630200000210:LOC');
INSERT INTO geostandard."Noeud" ("idNoeud","altitude","bandeEveilVigilance","hauteurRessaut","abaissePente","abaisseTrottoir","controleBEV","bandeInterception","geom") VALUES ('63014:NOD:100630200000206:LOC',null,'00',0.0,-1,null,'02',null,'POINT(3.11033943454 45.75928365862)');
INSERT INTO geostandard."Noeud" ("idNoeud","altitude","bandeEveilVigilance","hauteurRessaut","abaissePente","abaisseTrottoir","controleBEV","bandeInterception","geom") VALUES ('63014:NOD:100630200000223:LOC',null,null,null,null,null,null,null,'POINT(3.10922893038 45.76104074314)');
INSERT INTO geostandard."Noeud" ("idNoeud","altitude","bandeEveilVigilance","hauteurRessaut","abaissePente","abaisseTrottoir","controleBEV","bandeInterception","geom") VALUES ('63014:NOD:100630200000213:LOC',null,null,null,null,null,null,null,'POINT(3.10980159525 45.76010887501)');
INSERT INTO geostandard."Noeud" ("idNoeud","altitude","bandeEveilVigilance","hauteurRessaut","abaissePente","abaisseTrottoir","controleBEV","bandeInterception","geom") VALUES ('63014:NOD:100630200000214:LOC',null,null,null,null,null,null,null,'POINT(3.10974912049 45.76019051099)');
INSERT INTO geostandard."Noeud" ("idNoeud","altitude","bandeEveilVigilance","hauteurRessaut","abaissePente","abaisseTrottoir","controleBEV","bandeInterception","geom") VALUES ('63014:NOD:100630200000204:LOC',null,null,null,null,null,null,null,'POINT(3.11043682114 45.7591238246)');
INSERT INTO geostandard."Noeud" ("idNoeud","altitude","bandeEveilVigilance","hauteurRessaut","abaissePente","abaisseTrottoir","controleBEV","bandeInterception","geom") VALUES ('63014:NOD:100630200000224:LOC',null,null,null,null,null,null,null,'POINT(3.10920686251 45.76112436377)');
INSERT INTO geostandard."Noeud" ("idNoeud","altitude","bandeEveilVigilance","hauteurRessaut","abaissePente","abaisseTrottoir","controleBEV","bandeInterception","geom") VALUES ('63014:NOD:100630200000228:LOC',null,'00',1.0,-1,null,null,null,'POINT(3.10900547725 45.76132168818)');
INSERT INTO geostandard."Noeud" ("idNoeud","altitude","bandeEveilVigilance","hauteurRessaut","abaissePente","abaisseTrottoir","controleBEV","bandeInterception","geom") VALUES ('63014:NOD:100630200000218:LOC',null,null,null,null,null,null,null,'POINT(3.10953453246 45.76052434847)');
INSERT INTO geostandard."Noeud" ("idNoeud","altitude","bandeEveilVigilance","hauteurRessaut","abaissePente","abaisseTrottoir","controleBEV","bandeInterception","geom") VALUES ('63014:NOD:100630200000220:LOC',null,null,null,null,null,null,null,'POINT(3.10941293387 45.7607150944)');

INSERT INTO geostandard."Entree" ("idEntree","adresse","type","rampe","rampeSonnette","ascenseur","escalierNbMarche","escalierMainCourante","reperabilite","reperageEltsVitres","signaletique","largeurPassage","controleAcces","entreeAccueilVisible","eclairage","typePorte","typeOuverture","espaceManoeuvre","largManoeuvreExt","longManoeuvreExt","largManoeuvreInt","longManoeuvreInt","typePoignee","effortOuverture","idNoeud") VALUES ('63014:ENT:6:LOC','no 63170 Aubière no',null,'03',null,null,null,null,null,true,null,140,'02',null,null,'05',null,'04',9999,9999,9999,9999,null,null,'63014:NOD:100630200000220:LOC');
INSERT INTO geostandard."Noeud" ("idNoeud","altitude","bandeEveilVigilance","hauteurRessaut","abaissePente","abaisseTrottoir","controleBEV","bandeInterception","geom") VALUES ('63014:NOD:100630200000236:LOC',null,null,null,null,null,null,null,'POINT(3.1087235694 45.76176848125)');
INSERT INTO geostandard."Noeud" ("idNoeud","altitude","bandeEveilVigilance","hauteurRessaut","abaissePente","abaisseTrottoir","controleBEV","bandeInterception","geom") VALUES ('63014:NOD:100630200000217:LOC',null,null,null,null,null,null,null,'POINT(3.10958908959 45.76043947339)');
INSERT INTO geostandard."Noeud" ("idNoeud","altitude","bandeEveilVigilance","hauteurRessaut","abaissePente","abaisseTrottoir","controleBEV","bandeInterception","geom") VALUES ('63014:NOD:100630200000212:LOC',null,null,null,null,null,null,null,'POINT(3.10985313142 45.76002869908)');
INSERT INTO geostandard."Noeud" ("idNoeud","altitude","bandeEveilVigilance","hauteurRessaut","abaissePente","abaisseTrottoir","controleBEV","bandeInterception","geom") VALUES ('63014:NOD:100630200000201:LOC',null,null,null,null,null,null,null,'POINT(3.11042637042 45.75903649582)');
INSERT INTO geostandard."Noeud" ("idNoeud","altitude","bandeEveilVigilance","hauteurRessaut","abaissePente","abaisseTrottoir","controleBEV","bandeInterception","geom") VALUES ('63014:NOD:100630200000232:LOC',null,'00',0.0,-2,null,'02',null,'POINT(3.10886801669 45.76154063172)');
INSERT INTO geostandard."Noeud" ("idNoeud","altitude","bandeEveilVigilance","hauteurRessaut","abaissePente","abaisseTrottoir","controleBEV","bandeInterception","geom") VALUES ('63014:NOD:100630200000229:LOC',null,'00',2.0,1,null,null,null,'POINT(3.10896715834 45.76138030105)');
INSERT INTO geostandard."Obstacle" ("idObstacle","typeObstacle","largeurUtile","positionObstacle","longueurObstacle","rappelObstacle","reperabiliteVisuelle","largeurObstacle","hauteurObsPoseSol","hauteurSousObs","geom") VALUES ('63014:OBS:0:LOC',null,null,null,null,null,null,null,null,null,'POINT(3.10912817128 45.76127464072)');
INSERT INTO geostandard."Noeud" ("idNoeud","altitude","bandeEveilVigilance","hauteurRessaut","abaissePente","abaisseTrottoir","controleBEV","bandeInterception","geom") VALUES ('63014:NOD:100630200000222:LOC',null,null,null,null,null,null,null,'POINT(3.10928428048 45.76094291557)');
INSERT INTO geostandard."Noeud" ("idNoeud","altitude","bandeEveilVigilance","hauteurRessaut","abaissePente","abaisseTrottoir","controleBEV","bandeInterception","geom") VALUES ('63014:NOD:100630200000208:LOC',null,null,null,null,null,null,null,'POINT(3.1102285435 45.75943180934)');
INSERT INTO geostandard."Noeud" ("idNoeud","altitude","bandeEveilVigilance","hauteurRessaut","abaissePente","abaisseTrottoir","controleBEV","bandeInterception","geom") VALUES ('63014:NOD:100630200000215:LOC',null,null,null,null,null,null,null,'POINT(3.10969582475 45.76027342407)');
INSERT INTO geostandard."Noeud" ("idNoeud","altitude","bandeEveilVigilance","hauteurRessaut","abaissePente","abaisseTrottoir","controleBEV","bandeInterception","geom") VALUES ('63014:NOD:100630200000230:LOC',null,'00',0.0,-1,null,null,null,'POINT(3.10893931221 45.76142971337)');
INSERT INTO geostandard."Noeud" ("idNoeud","altitude","bandeEveilVigilance","hauteurRessaut","abaissePente","abaisseTrottoir","controleBEV","bandeInterception","geom") VALUES ('63014:NOD:100630200000216:LOC',null,null,null,null,null,null,null,'POINT(3.10964211676 45.76035697838)');
INSERT INTO geostandard."Noeud" ("idNoeud","altitude","bandeEveilVigilance","hauteurRessaut","abaissePente","abaisseTrottoir","controleBEV","bandeInterception","geom") VALUES ('63014:NOD:100630200000227:LOC',null,'00',1.0,-1,null,null,null,'POINT(3.10903773116 45.76127134208)');
INSERT INTO geostandard."Noeud" ("idNoeud","altitude","bandeEveilVigilance","hauteurRessaut","abaissePente","abaisseTrottoir","controleBEV","bandeInterception","geom") VALUES ('63014:NOD:100630200000226:LOC',null,'00',0.0,-1,null,'02',null,'POINT(3.10915768 45.7612604)');
INSERT INTO geostandard."Noeud" ("idNoeud","altitude","bandeEveilVigilance","hauteurRessaut","abaissePente","abaisseTrottoir","controleBEV","bandeInterception","geom") VALUES ('63014:NOD:100630200000237:LOC',null,null,null,null,null,null,null,'POINT(3.10868152718 45.76183433317)');

INSERT INTO geostandard."Entree" ("idEntree","adresse","type","rampe","rampeSonnette","ascenseur","escalierNbMarche","escalierMainCourante","reperabilite","reperageEltsVitres","signaletique","largeurPassage","controleAcces","entreeAccueilVisible","eclairage","typePorte","typeOuverture","espaceManoeuvre","largManoeuvreExt","longManoeuvreExt","largManoeuvreInt","longManoeuvreInt","typePoignee","effortOuverture","idNoeud") VALUES ('63014:ENT:8:LOC','no 63170 Aubière no',null,'03',null,null,null,null,null,true,null,140,'02',null,null,'02',null,'04',9999,9999,9999,9999,null,null,'63014:NOD:100630200000237:LOC');
INSERT INTO geostandard."Noeud" ("idNoeud","altitude","bandeEveilVigilance","hauteurRessaut","abaissePente","abaisseTrottoir","controleBEV","bandeInterception","geom") VALUES ('63014:NOD:100630200000101:LOC',null,'00',0.0,0,null,'01',null,'POINT(3.11121177925 45.75944245741)');
INSERT INTO geostandard."Noeud" ("idNoeud","altitude","bandeEveilVigilance","hauteurRessaut","abaissePente","abaisseTrottoir","controleBEV","bandeInterception","geom") VALUES ('63014:NOD:100630200000118:LOC',null,null,null,null,null,null,null,'POINT(3.11267826738 45.76006736943)');
INSERT INTO geostandard."Noeud" ("idNoeud","altitude","bandeEveilVigilance","hauteurRessaut","abaissePente","abaisseTrottoir","controleBEV","bandeInterception","geom") VALUES ('63014:NOD:100630200000115:LOC',null,null,null,null,null,null,null,'POINT(3.11245054 45.759913465)');
INSERT INTO geostandard."Noeud" ("idNoeud","altitude","bandeEveilVigilance","hauteurRessaut","abaissePente","abaisseTrottoir","controleBEV","bandeInterception","geom") VALUES ('63014:NOD:100630200000117:LOC',null,null,null,null,null,null,null,'POINT(3.11259399489 45.76002615879)');
INSERT INTO geostandard."Noeud" ("idNoeud","altitude","bandeEveilVigilance","hauteurRessaut","abaissePente","abaisseTrottoir","controleBEV","bandeInterception","geom") VALUES ('63014:NOD:100630200000116:LOC',null,null,null,null,null,null,null,'POINT(3.11250923993 45.75997502752)');
INSERT INTO geostandard."Noeud" ("idNoeud","altitude","bandeEveilVigilance","hauteurRessaut","abaissePente","abaisseTrottoir","controleBEV","bandeInterception","geom") VALUES ('63014:NOD:100630200000105:LOC',null,null,null,null,null,null,null,'POINT(3.11160958862 45.75957448744)');
INSERT INTO geostandard."Noeud" ("idNoeud","altitude","bandeEveilVigilance","hauteurRessaut","abaissePente","abaisseTrottoir","controleBEV","bandeInterception","geom") VALUES ('63014:NOD:100630200000107:LOC',null,null,null,null,null,null,null,'POINT(3.11183612454 45.75965483445)');
INSERT INTO geostandard."Noeud" ("idNoeud","altitude","bandeEveilVigilance","hauteurRessaut","abaissePente","abaisseTrottoir","controleBEV","bandeInterception","geom") VALUES ('63014:NOD:100630200000109:LOC',null,null,null,null,null,null,null,'POINT(3.11206999852 45.7597288112)');
INSERT INTO geostandard."Noeud" ("idNoeud","altitude","bandeEveilVigilance","hauteurRessaut","abaissePente","abaisseTrottoir","controleBEV","bandeInterception","geom") VALUES ('63014:NOD:100630200000106:LOC',null,null,null,null,null,null,null,'POINT(3.11171807922 45.75961879877)');
INSERT INTO geostandard."Noeud" ("idNoeud","altitude","bandeEveilVigilance","hauteurRessaut","abaissePente","abaisseTrottoir","controleBEV","bandeInterception","geom") VALUES ('63014:NOD:100630200000111:LOC',null,null,null,null,null,null,null,'POINT(3.11228402954 45.75979763037)');
INSERT INTO geostandard."Noeud" ("idNoeud","altitude","bandeEveilVigilance","hauteurRessaut","abaissePente","abaisseTrottoir","controleBEV","bandeInterception","geom") VALUES ('63014:NOD:100630200000104:LOC',null,null,null,null,null,null,null,'POINT(3.11150681297 45.75954081217)');
INSERT INTO geostandard."Noeud" ("idNoeud","altitude","bandeEveilVigilance","hauteurRessaut","abaissePente","abaisseTrottoir","controleBEV","bandeInterception","geom") VALUES ('63014:NOD:100630200000108:LOC',null,null,null,null,null,null,null,'POINT(3.11195188719 45.75969259228)');
INSERT INTO geostandard."Noeud" ("idNoeud","altitude","bandeEveilVigilance","hauteurRessaut","abaissePente","abaisseTrottoir","controleBEV","bandeInterception","geom") VALUES ('63014:NOD:100630200000110:LOC',null,null,null,null,null,null,null,'POINT(3.11218834918 45.75976636066)');
INSERT INTO geostandard."Noeud" ("idNoeud","altitude","bandeEveilVigilance","hauteurRessaut","abaissePente","abaisseTrottoir","controleBEV","bandeInterception","geom") VALUES ('63014:NOD:100630200000119:LOC',null,null,null,null,null,null,null,'POINT(3.11276098 45.76011302)');
INSERT INTO geostandard."Noeud" ("idNoeud","altitude","bandeEveilVigilance","hauteurRessaut","abaissePente","abaisseTrottoir","controleBEV","bandeInterception","geom") VALUES ('63014:NOD:100630200000120:LOC',null,null,null,null,null,null,null,'POINT(3.11278706003 45.76005747)');
INSERT INTO geostandard."Noeud" ("idNoeud","altitude","bandeEveilVigilance","hauteurRessaut","abaissePente","abaisseTrottoir","controleBEV","bandeInterception","geom") VALUES ('63014:NOD:100630200000121:LOC',null,null,null,null,null,null,null,'POINT(3.11280761713 45.75997106112)');
INSERT INTO geostandard."Noeud" ("idNoeud","altitude","bandeEveilVigilance","hauteurRessaut","abaissePente","abaisseTrottoir","controleBEV","bandeInterception","geom") VALUES ('63014:NOD:100630200000124:LOC',null,null,null,null,null,null,null,'POINT(3.11292877099 45.75983074218)');

INSERT INTO geostandard."Entree" ("idEntree","adresse","type","rampe","rampeSonnette","ascenseur","escalierNbMarche","escalierMainCourante","reperabilite","reperageEltsVitres","signaletique","largeurPassage","controleAcces","entreeAccueilVisible","eclairage","typePorte","typeOuverture","espaceManoeuvre","largManoeuvreExt","longManoeuvreExt","largManoeuvreInt","longManoeuvreInt","typePoignee","effortOuverture","idNoeud") VALUES ('63014:ENT:1:LOC','no 63170 Aubière no',null,'03',null,null,null,null,null,false,null,140,'03',null,null,'03',null,'04',9999,9999,9999,9999,null,null,'63014:NOD:100630200000124:LOC');
INSERT INTO geostandard."Noeud" ("idNoeud","altitude","bandeEveilVigilance","hauteurRessaut","abaissePente","abaisseTrottoir","controleBEV","bandeInterception","geom") VALUES ('63014:NOD:100630200000112:LOC',null,null,null,null,null,null,null,'POINT(3.11236198266 45.75981968913)');
INSERT INTO geostandard."Noeud" ("idNoeud","altitude","bandeEveilVigilance","hauteurRessaut","abaissePente","abaisseTrottoir","controleBEV","bandeInterception","geom") VALUES ('63014:NOD:100630200000113:LOC',null,null,null,null,null,null,null,'POINT(3.11240479425 45.75983657995)');
INSERT INTO geostandard."Noeud" ("idNoeud","altitude","bandeEveilVigilance","hauteurRessaut","abaissePente","abaisseTrottoir","controleBEV","bandeInterception","geom") VALUES ('63014:NOD:100630200000114:LOC',null,null,null,null,null,null,null,'POINT(3.11243852384 45.75983937644)');
INSERT INTO geostandard."Noeud" ("idNoeud","altitude","bandeEveilVigilance","hauteurRessaut","abaissePente","abaisseTrottoir","controleBEV","bandeInterception","geom") VALUES ('63014:NOD:100630200000122:LOC',null,null,null,null,null,null,null,'POINT(3.112854673 45.75988176386)');
INSERT INTO geostandard."Noeud" ("idNoeud","altitude","bandeEveilVigilance","hauteurRessaut","abaissePente","abaisseTrottoir","controleBEV","bandeInterception","geom") VALUES ('63014:NOD:100630200000123:LOC',null,null,null,null,null,null,null,'POINT(3.11290067246 45.75982122608)');
INSERT INTO geostandard."Noeud" ("idNoeud","altitude","bandeEveilVigilance","hauteurRessaut","abaissePente","abaisseTrottoir","controleBEV","bandeInterception","geom") VALUES ('63014:NOD:100630200000102:LOC',null,'00',0.0,0,null,'02',null,'POINT(3.11132694536 45.75948192452)');
INSERT INTO geostandard."Noeud" ("idNoeud","altitude","bandeEveilVigilance","hauteurRessaut","abaissePente","abaisseTrottoir","controleBEV","bandeInterception","geom") VALUES ('63014:NOD:100630200000103:LOC',null,null,null,null,null,null,null,'POINT(3.11135314236 45.75949125692)');
INSERT INTO geostandard."Noeud" ("idNoeud","altitude","bandeEveilVigilance","hauteurRessaut","abaissePente","abaisseTrottoir","controleBEV","bandeInterception","geom") VALUES ('63014:NOD:100630200000203:LOC',null,null,null,null,null,null,null,'POINT(3.11049429835 45.75903588972)');
INSERT INTO geostandard."Noeud" ("idNoeud","altitude","bandeEveilVigilance","hauteurRessaut","abaissePente","abaisseTrottoir","controleBEV","bandeInterception","geom") VALUES ('63014:NOD:100630200000301:LOC',null,null,null,null,null,null,null,'POINT(3.11051500759 45.75904175721)');

INSERT INTO geostandard."Entree" ("idEntree","adresse","type","rampe","rampeSonnette","ascenseur","escalierNbMarche","escalierMainCourante","reperabilite","reperageEltsVitres","signaletique","largeurPassage","controleAcces","entreeAccueilVisible","eclairage","typePorte","typeOuverture","espaceManoeuvre","largManoeuvreExt","longManoeuvreExt","largManoeuvreInt","longManoeuvreInt","typePoignee","effortOuverture","idNoeud") VALUES ('63014:ENT:2:LOC','no 63170 Aubière no',null,'03',null,null,null,null,null,true,null,140,'02',null,null,'02',null,'04',9999,9999,9999,9999,null,null,'63014:NOD:100630200000301:LOC');
INSERT INTO geostandard."Noeud" ("idNoeud","altitude","bandeEveilVigilance","hauteurRessaut","abaissePente","abaisseTrottoir","controleBEV","bandeInterception","geom") VALUES ('63014:NOD:100630200000202:LOC',null,null,null,null,null,null,null,'POINT(3.11044115708 45.75902056831)');
INSERT INTO geostandard."Noeud" ("idNoeud","altitude","bandeEveilVigilance","hauteurRessaut","abaissePente","abaisseTrottoir","controleBEV","bandeInterception","geom") VALUES ('63014:NOD:100630200000233:LOC',null,'00',0.0,-1,null,'01',null,'POINT(3.10881640896 45.76162374463)');
INSERT INTO geostandard."Noeud" ("idNoeud","altitude","bandeEveilVigilance","hauteurRessaut","abaissePente","abaisseTrottoir","controleBEV","bandeInterception","geom") VALUES ('63014:NOD:100630200000234:LOC',null,'00',0.0,-2,null,'02',null,'POINT(3.10878414258 45.76167241624)');



-- Données linéaires 
INSERT INTO geostandard."Troncon_Cheminement" ("idTroncon","from","to","longueur","typeTroncon","statutVoie","pente","devers","accessibiliteGlobale","geom") VALUES ('63014:TRC:100630100000229:LOC','63014:NOD:100630200000230:LOC','63014:NOD:100630200000231:LOC',null,'02',null,1,-1,null,'LineString(3.10893931221 45.76142971337,3.10890028307 45.76149196)');
INSERT INTO geostandard."Troncon_Cheminement" ("idTroncon","from","to","longueur","typeTroncon","statutVoie","pente","devers","accessibiliteGlobale","geom") VALUES ('63014:TRC:100630100000218:LOC','63014:NOD:100630200000219:LOC','63014:NOD:100630200000220:LOC',null,'02',null,3,3,null,'LineString(3.10949024745 45.760593243,3.10941293387 45.7607150944)');
INSERT INTO geostandard."Troncon_Cheminement" ("idTroncon","from","to","longueur","typeTroncon","statutVoie","pente","devers","accessibiliteGlobale","geom") VALUES ('63014:TRC:100630100000212:LOC','63014:NOD:100630200000213:LOC','63014:NOD:100630200000214:LOC',null,'02',null,3,1,null,'LineString(3.10980159525 45.76010887501,3.10974912049 45.76019051099)');
INSERT INTO geostandard."Troncon_Cheminement" ("idTroncon","from","to","longueur","typeTroncon","statutVoie","pente","devers","accessibiliteGlobale","geom") VALUES ('63014:TRC:100630100000211:LOC','63014:NOD:100630200000212:LOC','63014:NOD:100630200000213:LOC',null,'02',null,3,0,null,'LineString(3.10985313142 45.76002869908,3.10980159525 45.76010887501)');
INSERT INTO geostandard."Troncon_Cheminement" ("idTroncon","from","to","longueur","typeTroncon","statutVoie","pente","devers","accessibiliteGlobale","geom") VALUES ('63014:TRC:100630100000216:LOC','63014:NOD:100630200000217:LOC','63014:NOD:100630200000218:LOC',null,'02',null,3,2,null,'LineString(3.10958908959 45.76043947339,3.10953453246 45.76052434847)');
INSERT INTO geostandard."Troncon_Cheminement" ("idTroncon","from","to","longueur","typeTroncon","statutVoie","pente","devers","accessibiliteGlobale","geom") VALUES ('63014:TRC:100630100000206:LOC','63014:NOD:100630200000207:LOC','63014:NOD:100630200000208:LOC',null,'02',null,3,-1,null,'LineString(3.11031601675 45.75931905692,3.1102285435 45.75943180934)');
INSERT INTO geostandard."Troncon_Cheminement" ("idTroncon","from","to","longueur","typeTroncon","statutVoie","pente","devers","accessibiliteGlobale","geom") VALUES ('63014:TRC:100630100000221:LOC','63014:NOD:100630200000222:LOC','63014:NOD:100630200000223:LOC',null,'02',null,2,0,null,'LineString(3.10928428048 45.76094291557,3.10922893038 45.76104074314)');
INSERT INTO geostandard."Troncon_Cheminement" ("idTroncon","from","to","longueur","typeTroncon","statutVoie","pente","devers","accessibiliteGlobale","geom") VALUES ('63014:TRC:100630100000203:LOC','63014:NOD:100630200000203:LOC','63014:NOD:100630200000204:LOC',null,'02',null,3,1,null,'LineString(3.11049429835 45.75903588972,3.11043682114 45.7591238246)');
INSERT INTO geostandard."Troncon_Cheminement" ("idTroncon","from","to","longueur","typeTroncon","statutVoie","pente","devers","accessibiliteGlobale","geom") VALUES ('63014:TRC:100630100000210:LOC','63014:NOD:100630200000211:LOC','63014:NOD:100630200000212:LOC',null,'02',null,3,0,null,'LineString(3.10990223168 45.75995231264,3.10985313142 45.76002869908)');
INSERT INTO geostandard."Troncon_Cheminement" ("idTroncon","from","to","longueur","typeTroncon","statutVoie","pente","devers","accessibiliteGlobale","geom") VALUES ('63014:TRC:100630100000226:LOC','63014:NOD:100630200000227:LOC','63014:NOD:100630200000228:LOC',null,'03',null,2,-1,null,'LineString(3.10903773116 45.76127134208,3.10900547725 45.76132168818)');

INSERT INTO geostandard."Traversee" ("idTraversee","etatRevetement","marquageSol","eclairage","feuPietons","aideSonore","repereLineaire","presenceIlot","chausseeBombee","covisibilite","idTroncon") VALUES ('63014:TRA:0:LOC','02','02',null,true,'01','00',true,null,null,'63014:TRC:100630100000226:LOC');
INSERT INTO geostandard."Troncon_Cheminement" ("idTroncon","from","to","longueur","typeTroncon","statutVoie","pente","devers","accessibiliteGlobale","geom") VALUES ('63014:TRC:100630100000209:LOC','63014:NOD:100630200000210:LOC','63014:NOD:100630200000211:LOC',null,'02',null,2,0,null,'LineString(3.10999557424 45.75980709712,3.10990223168 45.75995231264)');
INSERT INTO geostandard."Troncon_Cheminement" ("idTroncon","from","to","longueur","typeTroncon","statutVoie","pente","devers","accessibiliteGlobale","geom") VALUES ('63014:TRC:100630100000230:LOC','63014:NOD:100630200000231:LOC','63014:NOD:100630200000232:LOC',null,'03',null,1,-1,null,'LineString(3.10890028307 45.76149196,3.10886801669 45.76154063172)');

INSERT INTO geostandard."Traversee" ("idTraversee","etatRevetement","marquageSol","eclairage","feuPietons","aideSonore","repereLineaire","presenceIlot","chausseeBombee","covisibilite","idTroncon") VALUES ('63014:TRA:1:LOC','02','02',null,true,'01','00',true,null,null,'63014:TRC:100630100000230:LOC');
INSERT INTO geostandard."Troncon_Cheminement" ("idTroncon","from","to","longueur","typeTroncon","statutVoie","pente","devers","accessibiliteGlobale","geom") VALUES ('63014:TRC:100630100000233:LOC','63014:NOD:100630200000234:LOC','63014:NOD:100630200000235:LOC',null,'02',null,4,-1,null,'LineString(3.10878414258 45.76167241624,3.10875402217 45.76171832438)');
INSERT INTO geostandard."Troncon_Cheminement" ("idTroncon","from","to","longueur","typeTroncon","statutVoie","pente","devers","accessibiliteGlobale","geom") VALUES ('63014:TRC:100630100000205:LOC','63014:NOD:100630200000206:LOC','63014:NOD:100630200000207:LOC',null,'03',null,2,2,null,'LineString(3.11033943454 45.75928365862,3.11031601675 45.75931905692)');

INSERT INTO geostandard."Traversee" ("idTraversee","etatRevetement","marquageSol","eclairage","feuPietons","aideSonore","repereLineaire","presenceIlot","chausseeBombee","covisibilite","idTroncon") VALUES ('63014:TRA:2:LOC','02','02',null,true,'01','00',true,null,null,'63014:TRC:100630100000205:LOC');
INSERT INTO geostandard."Troncon_Cheminement" ("idTroncon","from","to","longueur","typeTroncon","statutVoie","pente","devers","accessibiliteGlobale","geom") VALUES ('63014:TRC:100630100000235:LOC','63014:NOD:100630200000235:LOC','63014:NOD:100630200000236:LOC',null,'02',null,4,-1,null,'LineString(3.10875402217 45.76171832438,3.1087235694 45.76176848125)');
INSERT INTO geostandard."Troncon_Cheminement" ("idTroncon","from","to","longueur","typeTroncon","statutVoie","pente","devers","accessibiliteGlobale","geom") VALUES ('63014:TRC:100630100000223:LOC','63014:NOD:100630200000224:LOC','63014:NOD:100630200000225:LOC',null,'02',null,1,-1,null,'LineString(3.10920686251 45.76112436377,3.10921270865 45.76118948137)');
INSERT INTO geostandard."Troncon_Cheminement" ("idTroncon","from","to","longueur","typeTroncon","statutVoie","pente","devers","accessibiliteGlobale","geom") VALUES ('63014:TRC:100630100000225:LOC','63014:NOD:100630200000226:LOC','63014:NOD:100630200000227:LOC',null,'02',null,2,0,null,'LineString(3.10915768 45.7612604,3.10903773116 45.76127134208)');
INSERT INTO geostandard."Troncon_Cheminement" ("idTroncon","from","to","longueur","typeTroncon","statutVoie","pente","devers","accessibiliteGlobale","geom") VALUES ('63014:TRC:100630100000215:LOC','63014:NOD:100630200000216:LOC','63014:NOD:100630200000217:LOC',null,'02',null,3,1,null,'LineString(3.10964211676 45.76035697838,3.10958908959 45.76043947339)');
INSERT INTO geostandard."Troncon_Cheminement" ("idTroncon","from","to","longueur","typeTroncon","statutVoie","pente","devers","accessibiliteGlobale","geom") VALUES ('63014:TRC:100630100000207:LOC','63014:NOD:100630200000208:LOC','63014:NOD:100630200000209:LOC',null,'02',null,4,-1,null,'LineString(3.1102285435 45.75943180934,3.11018552116 45.75948779344)');
INSERT INTO geostandard."Troncon_Cheminement" ("idTroncon","from","to","longueur","typeTroncon","statutVoie","pente","devers","accessibiliteGlobale","geom") VALUES ('63014:TRC:100630100000222:LOC','63014:NOD:100630200000223:LOC','63014:NOD:100630200000224:LOC',null,'02',null,1,-1,null,'LineString(3.10922893038 45.76104074314,3.10920686251 45.76112436377)');
INSERT INTO geostandard."Troncon_Cheminement" ("idTroncon","from","to","longueur","typeTroncon","statutVoie","pente","devers","accessibiliteGlobale","geom") VALUES ('63014:TRC:100630100000204:LOC','63014:NOD:100630200000204:LOC','63014:NOD:100630200000206:LOC',null,'02',null,1,-1,null,'LineString(3.11043682114 45.7591238246,3.11033943454 45.75928365862)');
INSERT INTO geostandard."Troncon_Cheminement" ("idTroncon","from","to","longueur","typeTroncon","statutVoie","pente","devers","accessibiliteGlobale","geom") VALUES ('63014:TRC:100630100000214:LOC','63014:NOD:100630200000215:LOC','63014:NOD:100630200000216:LOC',null,'02',null,3,1,null,'LineString(3.10969582475 45.76027342407,3.10964211676 45.76035697838)');
INSERT INTO geostandard."Troncon_Cheminement" ("idTroncon","from","to","longueur","typeTroncon","statutVoie","pente","devers","accessibiliteGlobale","geom") VALUES ('63014:TRC:100630100000227:LOC','63014:NOD:100630200000228:LOC','63014:NOD:100630200000229:LOC',null,'02',null,1,0,null,'LineString(3.10900547725 45.76132168818,3.10896715834 45.76138030105)');
INSERT INTO geostandard."Troncon_Cheminement" ("idTroncon","from","to","longueur","typeTroncon","statutVoie","pente","devers","accessibiliteGlobale","geom") VALUES ('63014:TRC:100630100000213:LOC','63014:NOD:100630200000214:LOC','63014:NOD:100630200000215:LOC',null,'02',null,3,1,null,'LineString(3.10974912049 45.76019051099,3.10969582475 45.76027342407)');
INSERT INTO geostandard."Troncon_Cheminement" ("idTroncon","from","to","longueur","typeTroncon","statutVoie","pente","devers","accessibiliteGlobale","geom") VALUES ('63014:TRC:100630100000224:LOC','63014:NOD:100630200000225:LOC','63014:NOD:100630200000226:LOC',null,'03',null,4,1,null,'LineString(3.10921270865 45.76118948137,3.10915768 45.7612604)');

INSERT INTO geostandard."Traversee" ("idTraversee","etatRevetement","marquageSol","eclairage","feuPietons","aideSonore","repereLineaire","presenceIlot","chausseeBombee","covisibilite","idTroncon") VALUES ('63014:TRA:3:LOC','02','05',null,true,'01','00',true,null,null,'63014:TRC:100630100000224:LOC');
INSERT INTO geostandard."Troncon_Cheminement" ("idTroncon","from","to","longueur","typeTroncon","statutVoie","pente","devers","accessibiliteGlobale","geom") VALUES ('63014:TRC:100630100000228:LOC','63014:NOD:100630200000229:LOC','63014:NOD:100630200000230:LOC',null,'03',null,3,-1,null,'LineString(3.10896715834 45.76138030105,3.10893931221 45.76142971337)');

INSERT INTO geostandard."Traversee" ("idTraversee","etatRevetement","marquageSol","eclairage","feuPietons","aideSonore","repereLineaire","presenceIlot","chausseeBombee","covisibilite","idTroncon") VALUES ('63014:TRA:4:LOC','02','02',null,true,'01','00',true,null,null,'63014:TRC:100630100000228:LOC');
INSERT INTO geostandard."Troncon_Cheminement" ("idTroncon","from","to","longueur","typeTroncon","statutVoie","pente","devers","accessibiliteGlobale","geom") VALUES ('63014:TRC:100630100000236:LOC','63014:NOD:100630200000236:LOC','63014:NOD:100630200000237:LOC',null,'02',null,3,0,null,'LineString(3.1087235694 45.76176848125,3.10868152718 45.76183433317)');
INSERT INTO geostandard."Troncon_Cheminement" ("idTroncon","from","to","longueur","typeTroncon","statutVoie","pente","devers","accessibiliteGlobale","geom") VALUES ('63014:TRC:100630100000220:LOC','63014:NOD:100630200000221:LOC','63014:NOD:100630200000222:LOC',null,'02',null,2,1,null,'LineString(3.10933724884 45.76085169444,3.10928428048 45.76094291557)');
INSERT INTO geostandard."Troncon_Cheminement" ("idTroncon","from","to","longueur","typeTroncon","statutVoie","pente","devers","accessibiliteGlobale","geom") VALUES ('63014:TRC:100630100000217:LOC','63014:NOD:100630200000218:LOC','63014:NOD:100630200000219:LOC',null,'02',null,3,3,null,'LineString(3.10953453246 45.76052434847,3.10949024745 45.760593243)');
INSERT INTO geostandard."Troncon_Cheminement" ("idTroncon","from","to","longueur","typeTroncon","statutVoie","pente","devers","accessibiliteGlobale","geom") VALUES ('63014:TRC:100630100000101:LOC','63014:NOD:100630200000101:LOC','63014:NOD:100630200000102:LOC',null,'03',null,0,0,null,'LineString(3.11121177925 45.75944245741,3.11132694536 45.75948192452)');

INSERT INTO geostandard."Traversee" ("idTraversee","etatRevetement","marquageSol","eclairage","feuPietons","aideSonore","repereLineaire","presenceIlot","chausseeBombee","covisibilite","idTroncon") VALUES ('63014:TRA:5:LOC','02','05',null,true,'02','00',true,null,null,'63014:TRC:100630100000101:LOC');
INSERT INTO geostandard."Troncon_Cheminement" ("idTroncon","from","to","longueur","typeTroncon","statutVoie","pente","devers","accessibiliteGlobale","geom") VALUES ('63014:TRC:100630100000113:LOC','63014:NOD:100630200000114:LOC','63014:NOD:100630200000115:LOC',null,'06',null,2,1,null,'LineString(3.11243852384 45.75983937644,3.11245054 45.759913465)');
INSERT INTO geostandard."Troncon_Cheminement" ("idTroncon","from","to","longueur","typeTroncon","statutVoie","pente","devers","accessibiliteGlobale","geom") VALUES ('63014:TRC:100630100000114:LOC','63014:NOD:100630200000115:LOC','63014:NOD:100630200000116:LOC',null,'06',null,1,1,null,'LineString(3.11245054 45.759913465,3.11250923993 45.75997502752)');
INSERT INTO geostandard."Troncon_Cheminement" ("idTroncon","from","to","longueur","typeTroncon","statutVoie","pente","devers","accessibiliteGlobale","geom") VALUES ('63014:TRC:100630100000115:LOC','63014:NOD:100630200000116:LOC','63014:NOD:100630200000117:LOC',null,'06',null,-2,0,null,'LineString(3.11250923993 45.75997502752,3.11259399489 45.76002615879)');
INSERT INTO geostandard."Troncon_Cheminement" ("idTroncon","from","to","longueur","typeTroncon","statutVoie","pente","devers","accessibiliteGlobale","geom") VALUES ('63014:TRC:100630100000116:LOC','63014:NOD:100630200000117:LOC','63014:NOD:100630200000118:LOC',null,'06',null,-2,0,null,'LineString(3.11259399489 45.76002615879,3.11267826738 45.76006736943)');
INSERT INTO geostandard."Troncon_Cheminement" ("idTroncon","from","to","longueur","typeTroncon","statutVoie","pente","devers","accessibiliteGlobale","geom") VALUES ('63014:TRC:1006310100000117:LOC','63014:NOD:100630200000118:LOC','63014:NOD:100630200000119:LOC',null,'06',null,-2,0,null,'LineString(3.11267826738 45.76006736943,3.11276098 45.76011302)');
INSERT INTO geostandard."Troncon_Cheminement" ("idTroncon","from","to","longueur","typeTroncon","statutVoie","pente","devers","accessibiliteGlobale","geom") VALUES ('63014:TRC:100630100000109:LOC','63014:NOD:100630200000110:LOC','63014:NOD:100630200000111:LOC',null,'02',null,3,4,null,'LineString(3.11218834918 45.75976636066,3.11228402954 45.75979763037)');
INSERT INTO geostandard."Troncon_Cheminement" ("idTroncon","from","to","longueur","typeTroncon","statutVoie","pente","devers","accessibiliteGlobale","geom") VALUES ('63014:TRC:100630100000102:LOC','63014:NOD:100630200000103:LOC','63014:NOD:100630200000104:LOC',null,'02',null,3,0,null,'LineString(3.11135314236 45.75949125692,3.11150681297 45.75954081217)');
INSERT INTO geostandard."Troncon_Cheminement" ("idTroncon","from","to","longueur","typeTroncon","statutVoie","pente","devers","accessibiliteGlobale","geom") VALUES ('63014:TRC:100630100000106:LOC','63014:NOD:100630200000107:LOC','63014:NOD:100630200000108:LOC',null,'02',null,3,2,null,'LineString(3.11183612454 45.75965483445,3.11195188719 45.75969259228)');
INSERT INTO geostandard."Troncon_Cheminement" ("idTroncon","from","to","longueur","typeTroncon","statutVoie","pente","devers","accessibiliteGlobale","geom") VALUES ('63014:TRC:100630100000104:LOC','63014:NOD:100630200000105:LOC','63014:NOD:100630200000106:LOC',null,'02',null,3,2,null,'LineString(3.11160958862 45.75957448744,3.11171807922 45.75961879877)');
INSERT INTO geostandard."Troncon_Cheminement" ("idTroncon","from","to","longueur","typeTroncon","statutVoie","pente","devers","accessibiliteGlobale","geom") VALUES ('63014:TRC:100630100000108:LOC','63014:NOD:100630200000109:LOC','63014:NOD:100630200000110:LOC',null,'02',null,2,3,null,'LineString(3.11206999852 45.7597288112,3.11218834918 45.75976636066)');
INSERT INTO geostandard."Troncon_Cheminement" ("idTroncon","from","to","longueur","typeTroncon","statutVoie","pente","devers","accessibiliteGlobale","geom") VALUES ('63014:TRC:100630100000110:LOC','63014:NOD:100630200000111:LOC','63014:NOD:100630200000112:LOC',null,'02',null,-3,1,null,'LineString(3.11228402954 45.75979763037,3.11236198266 45.75981968913)');
INSERT INTO geostandard."Troncon_Cheminement" ("idTroncon","from","to","longueur","typeTroncon","statutVoie","pente","devers","accessibiliteGlobale","geom") VALUES ('63014:TRC:100630100000103:LOC','63014:NOD:100630200000104:LOC','63014:NOD:100630200000105:LOC',null,'02',null,3,1,null,'LineString(3.11150681297 45.75954081217,3.11160958862 45.75957448744)');
INSERT INTO geostandard."Troncon_Cheminement" ("idTroncon","from","to","longueur","typeTroncon","statutVoie","pente","devers","accessibiliteGlobale","geom") VALUES ('63014:TRC:100630100000107:LOC','63014:NOD:100630200000108:LOC','63014:NOD:100630200000109:LOC',null,'02',null,3,3,null,'LineString(3.11195188719 45.75969259228,3.11206999852 45.7597288112)');
INSERT INTO geostandard."Troncon_Cheminement" ("idTroncon","from","to","longueur","typeTroncon","statutVoie","pente","devers","accessibiliteGlobale","geom") VALUES ('63014:TRC:100630100000105:LOC','63014:NOD:100630200000106:LOC','63014:NOD:100630200000107:LOC',null,'02',null,3,2,null,'LineString(3.11171807922 45.75961879877,3.11183612454 45.75965483445)');
INSERT INTO geostandard."Troncon_Cheminement" ("idTroncon","from","to","longueur","typeTroncon","statutVoie","pente","devers","accessibiliteGlobale","geom") VALUES ('63014:TRC:100630100000119:LOC','63014:NOD:100630200000120:LOC','63014:NOD:100630200000121:LOC',null,'02',null,1,-1,null,'LineString(3.11278706003 45.76005747,3.11280761713 45.75997106112)');
INSERT INTO geostandard."Troncon_Cheminement" ("idTroncon","from","to","longueur","typeTroncon","statutVoie","pente","devers","accessibiliteGlobale","geom") VALUES ('63014:TRC:100630100000118:LOC','63014:NOD:100630200000119:LOC','63014:NOD:100630200000120:LOC',null,'02',null,2,0,null,'LineString(3.11276098 45.76011302,3.11278706003 45.76005747)');
INSERT INTO geostandard."Troncon_Cheminement" ("idTroncon","from","to","longueur","typeTroncon","statutVoie","pente","devers","accessibiliteGlobale","geom") VALUES ('63014:TRC:100630100000120:LOC','63014:NOD:100630200000122:LOC','63014:NOD:100630200000121:LOC',null,'07',null,3,0,null,'LineString(3.112854673 45.75988176386,3.11280761713 45.75997106112)');

INSERT INTO geostandard."Escalier" ("idEscalier","etatRevetement","mainCourante","dispositifVigilance","contrasteVisuel","largeurUtile","mainCouranteContinue","prolongMainCourante","nbMarches","nbVoleeMarches","hauteurMarche","giron","idTroncon") VALUES ('63014:ESC:0:LOC','05','04','02',null,950.0,null,null,16,1,15.0,32.0,'63014:TRC:100630100000120:LOC');
INSERT INTO geostandard."Troncon_Cheminement" ("idTroncon","from","to","longueur","typeTroncon","statutVoie","pente","devers","accessibiliteGlobale","geom") VALUES ('63014:TRC:100630100000111:LOC','63014:NOD:100630200000112:LOC','63014:NOD:100630200000113:LOC',null,'02',null,-2,-1,null,'LineString(3.11236198266 45.75981968913,3.11240479425 45.75983657995)');
INSERT INTO geostandard."Troncon_Cheminement" ("idTroncon","from","to","longueur","typeTroncon","statutVoie","pente","devers","accessibiliteGlobale","geom") VALUES ('63014:TRC:100630100000112:LOC','63014:NOD:100630200000113:LOC','63014:NOD:100630200000114:LOC',null,'02',null,-2,-1,null,'LineString(3.11240479425 45.75983657995,3.11243852384 45.75983937644)');
INSERT INTO geostandard."Troncon_Cheminement" ("idTroncon","from","to","longueur","typeTroncon","statutVoie","pente","devers","accessibiliteGlobale","geom") VALUES ('63014:TRC:100630100000121:LOC','63014:NOD:100630200000122:LOC','63014:NOD:100630200000123:LOC',null,'02',null,1,-1,null,'LineString(3.112854673 45.75988176386,3.11290067246 45.75982122608)');
INSERT INTO geostandard."Troncon_Cheminement" ("idTroncon","from","to","longueur","typeTroncon","statutVoie","pente","devers","accessibiliteGlobale","geom") VALUES ('63014:TRC:100630100000122:LOC','63014:NOD:100630200000123:LOC','63014:NOD:100630200000124:LOC',null,'02',null,1,-1,null,'LineString(3.11290067246 45.75982122608,3.11292877099 45.75983074218)');
INSERT INTO geostandard."Troncon_Cheminement" ("idTroncon","from","to","longueur","typeTroncon","statutVoie","pente","devers","accessibiliteGlobale","geom") VALUES ('63014:TRC:100630100000123:LOC','63014:NOD:100630200000102:LOC','63014:NOD:100630200000103:LOC',null,'02',null,3,0,null,'LineString(3.11132694536 45.75948192452,3.11135314236 45.75949125692)');
INSERT INTO geostandard."Troncon_Cheminement" ("idTroncon","from","to","longueur","typeTroncon","statutVoie","pente","devers","accessibiliteGlobale","geom") VALUES ('63014:TRC:100630100000219:LOC','63014:NOD:100630200000220:LOC','63014:NOD:100630200000221:LOC',null,'01',null,0,0,null,'LineString(3.10941293387 45.7607150944,3.10933724884 45.76085169444)');
INSERT INTO geostandard."Troncon_Cheminement" ("idTroncon","from","to","longueur","typeTroncon","statutVoie","pente","devers","accessibiliteGlobale","geom") VALUES ('63014:TRC:100630100000208:LOC','63014:NOD:100630200000209:LOC','63014:NOD:100630200000210:LOC',null,'01',null,0,0,null,'LineString(3.11018552116 45.75948779344,3.10999557424 45.75980709712)');
INSERT INTO geostandard."Troncon_Cheminement" ("idTroncon","from","to","longueur","typeTroncon","statutVoie","pente","devers","accessibiliteGlobale","geom") VALUES ('63014:TRC:100630100000202:LOC','63014:NOD:100630200000202:LOC','63014:NOD:100630200000203:LOC',null,'02',null,0,0,null,'LineString(3.11044115708 45.75902056831,3.11049429835 45.75903588972)');
INSERT INTO geostandard."Troncon_Cheminement" ("idTroncon","from","to","longueur","typeTroncon","statutVoie","pente","devers","accessibiliteGlobale","geom") VALUES ('63014:TRC:100630100000301:LOC','63014:NOD:100630200000203:LOC','63014:NOD:100630200000301:LOC',null,'02',null,0,0,null,'LineString(3.11049429835 45.75903588972,3.11051500759 45.75904175721)');
INSERT INTO geostandard."Troncon_Cheminement" ("idTroncon","from","to","longueur","typeTroncon","statutVoie","pente","devers","accessibiliteGlobale","geom") VALUES ('63014:TRC:100630100000201:LOC','63014:NOD:100630200000201:LOC','63014:NOD:100630200000202:LOC',null,'02',null,0,0,null,'LineString(3.11042637042 45.75903649582,3.11044115708 45.75902056831)');
INSERT INTO geostandard."Troncon_Cheminement" ("idTroncon","from","to","longueur","typeTroncon","statutVoie","pente","devers","accessibiliteGlobale","geom") VALUES ('63014:TRC:100630100000231:LOC','63014:NOD:100630200000232:LOC','63014:NOD:100630200000233:LOC',null,'02',null,1,-1,null,'LineString(3.10886801669 45.76154063172,3.10881640896 45.76162374463)');
INSERT INTO geostandard."Troncon_Cheminement" ("idTroncon","from","to","longueur","typeTroncon","statutVoie","pente","devers","accessibiliteGlobale","geom") VALUES ('63014:TRC:100630100000232:LOC','63014:NOD:100630200000233:LOC','63014:NOD:100630200000234:LOC',null,'03',null,1,-1,null,'LineString(3.10881640896 45.76162374463,3.10878414258 45.76167241624)');

INSERT INTO geostandard."Traversee" ("idTraversee","etatRevetement","marquageSol","eclairage","feuPietons","aideSonore","repereLineaire","presenceIlot","chausseeBombee","covisibilite","idTroncon") VALUES ('63014:TRA:6:LOC','02','02',null,true,'01','00',true,null,null,'63014:TRC:100630100000232:LOC');
